,Gender,Age,AV,genderFactor,ageFactor,Reserve
0,M,15,100.0,0.8,0.4,32.00000000000001
1,F,17,80.0,0.75,0.4,24.000000000000004
2,F,32,120.0,0.75,0.8,72.00000000000001
3,M,45,150.0,0.8,1.2,144.0
4,M,60,135.0,0.8,1.2,129.6
5,F,75,400.0,0.75,1.2,359.99999999999994
